Limit,Type,0,1,2,3,4,
100,binary,0.00001,0.00001,0.00003,0.00001,0.00000,
1000,binary,0.00001,0.00001,0.00001,0.00001,0.00001,
10000,binary,0.00000,0.00000,0.00000,0.00000,0.00000,
100000,binary,0.00001,0.00001,0.00001,0.00001,0.00001,
1000000,binary,0.00003,0.00002,0.00002,0.00002,0.00002,
10000000,binary,0.02469,0.00001,0.00001,0.00001,0.00001,
100,index,0.00001,0.00000,0.00000,0.00000,0.00000,
1000,index,0.00002,0.00002,0.00002,0.00002,0.00002,
10000,index,0.00023,0.00022,0.00017,0.00022,0.00021,
100000,index,0.00115,0.00107,0.00142,0.00108,0.00130,
1000000,index,0.01316,0.01384,0.01321,0.01394,0.01330,
10000000,index,16.19148,0.20152,0.16357,0.15100,0.13744,
100,linear,0.00001,0.00001,0.00001,0.00001,0.00001,
1000,linear,0.00009,0.00009,0.00008,0.00010,0.00009,
10000,linear,0.00142,0.00078,0.00079,0.00077,0.00069,
100000,linear,0.00784,0.00853,0.00464,0.00448,0.00459,
1000000,linear,0.05582,0.05519,0.05472,0.05463,0.05800,
10000000,linear,47.83818,51.02023,59.17193,53.43875,56.95699,
Limit,Type,Average
100,binary,0.00001
1000,binary,0.00001
10000,binary,0.00000
100000,binary,0.00001
1000000,binary,0.00002
10000000,binary,0.00001
100,index,0.00000
1000,index,0.00002
10000,index,0.00022
100000,index,0.00118
1000000,index,0.01345
10000000,index,0.17203
100,linear,0.00001
1000,linear,0.00009
10000,linear,0.00078
100000,linear,0.00569
1000000,linear,0.05524
10000000,linear,53.80532
